Company,Company Link,Address,Phone
1 Stop Title & Registration Services,http://az-mvd.com/,"940 N. Alma School Rd., #104Chandler, AZ 85224",480.821.3288
1 Stop Title & Registration Services,http://az-mvd.com/,"5036 W. Cactus Rd., Ste. 2Glendale, AZ 85304",602.264.2400
Academy of Driving Motor Vehicle Center,,"4733 E. Broadway Blvd.Tucson, AZ 85711",520.750.7572
Arizona Auto License,,"1337 W. Prince RdTucson, AZ 85705",520.696.2023
Arizona Auto License Service LLC,,"1457 N. Eliseo C Felix Jr.Way, Ste. 105 and 106Avondale, AZ 85323",623.925.5455 or Fax 623.925.5879
Arizona Auto License Service LLC,,"5130 W Baseline Rd.Ste. 105Laveen, AZ 85339",602.334.1700or Fax 602.272.2480
Arizona Loan Solutions Motor Vehicle Center,,"4401 N. Hwy. 89Suite 1Flagstaff, AZ 86004",928.527.3215or Fax928.526.1895
Arizona Motor Vehicle Express LLC,http://azmotorexpress.com/home/4972190,"6741 N Thornydale #147Tucson, AZ 85741",520.219.8852
Arizona State Express Title & Registration,,"20924 N. John Wayne Parkway Ste. D1Maricopa, AZ 85139",520.568.9299
Arizona Tags & Title Inc.,,"8307 E. State Route 69Suite APrescott Valley, AZ 86314",928.759.9700 or Fax 928.772.5283
Best Buy Title Services,http://www.getbestbuyinsurance.com/phoenix-auto-insurance/,"5146 W. McDowell Rd.Phoenix, AZ 85035",602.272.5441or Fax602.272.0116
C & C Auto License,,"12450 N 35th Ave Ste. 15Phoenix, AZ 85029",602.298.1900
Check Changers of Arizona LLC,,"250 N. 43rd Ave Ste #104Phoenix, AZ 85009",602.443.0268or Fax602.443.0279
FooteWork Auto License & Title Service,http://footework.com/,"201 Grove AvePrescott, AZ 86301",928.771.9015or928.771.1457
FooteWork Auto License & Title Service,http://footework.com/,"6520 E. 2nd St.Prescott Valley, AZ 86314",928.759.8575
GG & D Motor Vehicle Services LLC,http://www.ggandd.com/,"1120 S. Country Club Dr.Mesa, AZ 85210",480.889.6076
GG & D Motor Vehicle Services LLC,http://www.ggandd.com/,"1625 E. Indian School Rd.Phoenix, AZ 85016",602.374.4630or fax602.374.8262
GG & D Motor Vehicle Services LLC,http://www.ggandd.com/,"6601 W. Indian School Rd.Suite 20Phoenix, AZ 85033",623.247.1943
GG & D Motor Vehicle Services LLC,http://www.ggandd.com/,"1170 E. Van Buren St.Phoenix, AZ 85006",602.254.5401
GG & D Motor Vehicle Services LLC,http://www.ggandd.com/,"2302 E. Bell Rd.Phoenix, AZ 85022",602.889.4180
GG & D Motor Vehicle Services LLC,http://www.ggandd.com/,"7207 S. Central Ave.Phoenix, AZ 85042",602.889.7096
GG & D Motor Vehicle Services LLC,http://www.ggandd.com/,"4307 W. Glendale Ave.Glendale, AZ 85301",623.512.4645
GE Financial Center LLC. DBA Third Party T&R Services,https://www.manta.com/c/mr033y7/ge-financial-center-llc,"999 E. Fry Blvd.Suite 202Sierra Vista, AZ 85635",520.459.2434
Ginger's Auto Title Service,,"999 E. Fry Blvd.Suite 202Sierra Vista, AZ 85635",520.459.2434
L & J Motor Vehicle Services,,"14770 N. 78th WayBuilding AScottsdale, AZ 85260",480.368.9933
Montes Multiple Services LLC,,"3080 S. Pacific AvenueYuma, AZ 85364",928.344.4002
Montes Multiple Services LLC,,"11274 S Fortuna Rd.Suite D-1Yuma, AZ 85367",928.627.8648
Motor Vehicle Services of Buckeye,,"410 E. MC85 Suite ABuckeye, AZ 85326",623.386.7741
MVP,,"553 W. Fourth St.Benson, AZ 85602",520.586.1113
MVP,,"132 A W. MaleyWillcox, AZ 85643",520.766.4718
MVS Tags and Title LLC,http://www.mvstagsandtitle.com/,"11518 E. Apache Trail#124Apache Junction, AZ 85120",480.373.8247
"Power Tags Titles and More, LLC",https://www.powertagstitlesandmore.net/,"3125 W. Hunt Hwy.#104Queen Creek, AZ 85142",480.677.3132(processors ext. 1)
"RL Jones Insurance Services, Inc.",,"800 N. Main St.San Luis, AZ 85349",928.627.7404
Southwest Motor Vehicle Center,,"7930 E. Speedway Blvd.#100Tucson, AZ 85710",520.722.2006
"Third Party MVS Services, Inc.",,"1728 S. Greenfield Rd.Mesa, AZ 85206",480.621.3000
"Third Party MVS Services, Inc.",,"1801 E. Main St.Mesa, AZ 85203",480.833.1557
"Third Party MVS Services, Inc.",,"2055 N. Alma School Rd., #18.Chandler, AZ 85224",480.621.4944
"TSI Title & Registration Services, Inc.",,"1900 W. Germann Rd.,Ste. 9, Chandler, AZ 85286",480.855.1638
Western Motor Vehicle,,"6025 N. 27th Ave. #1Phoenix, AZ 85017",602.246.2333 or 602.266.5250
West Valley Motor Vehicle Title Express LLC,,"12801 W. Bell Rd. Ste. #113Surprise, AZ 85379",623.977.0929 or fax 623.977.4006
